"input","n_features","n_coords","silicate_vertices","wkpool_vertices","silicate_edges","wkpool_edges"
"nc",100,2529,1255,1255,1357,1357
"inlandwaters",6,33644,30835,30835,30843,30843
"hex_1e3",1000,7000,2128,2128,3127,3127
"hex_1e4",10000,70000,20404,20404,30403,30403
"dense_hex_1e3",1000,73000,37818,37818,39510,39510
"lines_100x1000",100,100000,28090,28090,61854,61854
"hex_1e5",100000,700000,201280,201280,301279,301279
"dense_hex_1e4",10000,730000,359008,359008,371257,371257
"lines_1000x1000",1000,1000000,62418,62418,249364,249364
