"expression","exponent","median_s_at_max"
"classify_cycles",1.98,6.03222063998692
"find_arcs",1.11,0.0195210259407759
"find_arcs_quotient",0.92,0.0150192660512403
"find_cycles",1.96,2.22878581902478
"find_internal_boundaries",1.19,0.0817714451113716
"find_neighbours_edge",1.55,15.4948309150059
"find_neighbours_vertex",1.12,2.57283809094224
"find_nodes",1.26,0.0104940700111911
"find_shared_edges",1.13,0.31331008754205
"merge_coincident",0.87,0.0533866740297526
"pool_compact",0.72,0.00842916709370911
"silicate_ARC",1.11,33.4969232970616
"silicate_PATH0",1.05,1.10573768906761
"silicate_SC",1.71,57.9857062040828
"silicate_SC0",0.96,1.94763193605468
"topology_report",1.1,0.20366538898088
"vertex_degree",1.11,0.0039776029298082
"wkpool_arcs",0.82,0.0693443909985945
"wkpool_edges",0.87,0.0596511350013316
"wkpool_vertices",0.87,0.0534012659918517
