"task","expression","median_s","min_s","mem_alloc_mb","n_itr","n_coords"
"pipelines","silicate_PATH0",0.0313850120874122,0.0313416830031201,0.517265319824219,3,1750
"pipelines","silicate_SC0",0.0704668870894238,0.0637920600129291,0.777961730957031,3,1750
"pipelines","silicate_SC",0.117346621933393,0.11245134298224,2.39131927490234,3,1750
"pipelines","silicate_ARC",0.611935615073889,0.611935615073889,7.77449798583984,1,1750
"pipelines","wkpool_vertices",0.00258231593761593,0.00209815299604088,0.629592895507812,3,1750
"pipelines","wkpool_edges",0.00238693493884057,0.00228085089474916,0.719711303710938,3,1750
"pipelines","wkpool_arcs",0.00263135205022991,0.00259433803148568,0.794876098632812,3,1750
"wkpool_verbs","merge_coincident",0.0019539650529623,0.0018139680614695,0.629592895507812,10,1750
"wkpool_verbs","pool_compact",0.00037322094431147,0.000307028996758163,0.806144714355469,10,1750
"wkpool_verbs","vertex_degree",6.93060574121773e-05,6.74700131639838e-05,0.103218078613281,10,1750
"wkpool_verbs","find_nodes",0.000116373528726399,0.000106199993751943,0.1173095703125,10,1750
"wkpool_verbs","find_arcs",0.000524875475093722,0.000459737959317863,0.1221923828125,10,1750
"wkpool_verbs","find_arcs_quotient",0.00062495848396793,0.000550947966985404,0.165283203125,10,1750
"wkpool_verbs","find_shared_edges",0.00169845798518509,0.00161165709141642,0.51336669921875,10,1750
"wkpool_verbs","find_internal_boundaries",0.000821316556539387,0.000776127097196877,0.0795059204101562,10,1750
"wkpool_verbs","topology_report",0.000816305982880294,0.000738730072043836,0.174598693847656,10,1750
"wkpool_verbs","find_cycles",0.00203952548326924,0.00195402605459094,0.0876846313476562,10,1750
"wkpool_verbs","classify_cycles",0.00415628252085298,0.0040699050296098,0.21527099609375,10,1750
"wkpool_verbs","find_neighbours_edge",0.00133881409419701,0.00120967312250286,0.544593811035156,10,1750
"wkpool_verbs","find_neighbours_vertex",0.00131634902209044,0.00127468502614647,0.754318237304688,10,1750
"wkpool_verbs","hole_points",0.00270410854136571,0.00256132916547358,0.180625915527344,10,1750
"pipelines","silicate_PATH0",0.0474427090957761,0.0472761801211163,0.994552612304688,3,3500
"pipelines","silicate_SC0",0.100358423078433,0.0954339860472828,1.49131774902344,3,3500
"pipelines","silicate_SC",0.201080208993517,0.199400337063707,5.71587371826172,3,3500
"pipelines","silicate_ARC",1.05159112298861,1.05159112298861,19.3039321899414,1,3500
"pipelines","wkpool_vertices",0.00269560294691473,0.00237736885901541,1.27731323242188,3,3500
"pipelines","wkpool_edges",0.00269832112826407,0.00269555207341909,1.45632934570312,3,3500
"pipelines","wkpool_arcs",0.00320088199805468,0.00314065406564623,1.60414886474609,3,3500
"wkpool_verbs","merge_coincident",0.0022047825041227,0.00207330798730254,1.27731323242188,10,3500
"wkpool_verbs","pool_compact",0.000439409574028105,0.00038687908090651,1.62439727783203,10,3500
"wkpool_verbs","vertex_degree",0.000128901563584805,0.000115375034511089,0.205520629882812,10,3500
"wkpool_verbs","find_nodes",0.000242085952777416,0.000225043972022831,0.233169555664062,10,3500
"wkpool_verbs","find_arcs",0.000783224066253752,0.000711510074324906,0.243545532226562,10,3500
"wkpool_verbs","find_arcs_quotient",0.000914038449991494,0.000802637892775238,0.326835632324219,10,3500
"wkpool_verbs","find_shared_edges",0.00301402655895799,0.00297255697660148,1.03467559814453,10,3500
"wkpool_verbs","find_internal_boundaries",0.000921981001738459,0.000836953171528876,0.159332275390625,10,3500
"wkpool_verbs","topology_report",0.000925664498936385,0.000880325096659362,0.346725463867188,10,3500
"wkpool_verbs","find_cycles",0.00383648608112708,0.00371518102474511,0.173973083496094,10,3500
"wkpool_verbs","classify_cycles",0.0076401925762184,0.00735272211022675,0.425857543945312,10,3500
"wkpool_verbs","find_neighbours_edge",0.00161502603441477,0.00157891307026148,1.09987640380859,10,3500
"wkpool_verbs","find_neighbours_vertex",0.00195574108511209,0.00190526305232197,1.52251434326172,10,3500
"wkpool_verbs","hole_points",0.00489603745518252,0.00462791998870671,0.356880187988281,10,3500
"pipelines","silicate_PATH0",0.086842286051251,0.085702620097436,1.94699859619141,3,7000
"pipelines","silicate_SC0",0.176278514089063,0.173004020936787,2.91590118408203,3,7000
"pipelines","silicate_SC",0.632765979040414,0.632765979040414,15.2180480957031,1,7000
"pipelines","silicate_ARC",2.205374558107,2.205374558107,53.9272155761719,1,7000
"pipelines","wkpool_vertices",0.0042472310597077,0.00381798204034567,2.5718994140625,3,7000
"pipelines","wkpool_edges",0.00411689607426524,0.0041040270589292,2.92840576171875,3,7000
"pipelines","wkpool_arcs",0.00478816207032651,0.00474594405386597,3.22061920166016,3,7000
"wkpool_verbs","merge_coincident",0.00360839301720262,0.00328588101547211,2.5718994140625,10,7000
"wkpool_verbs","pool_compact",0.00067304348340258,0.000612282077781856,3.25867462158203,10,7000
"wkpool_verbs","vertex_degree",0.000245527538936585,0.000237702042795718,0.409942626953125,10,7000
"wkpool_verbs","find_nodes",0.000581424101255834,0.00053407100494951,0.464569091796875,10,7000
"wkpool_verbs","find_arcs",0.00129126710817218,0.00123431801330298,0.4862060546875,10,7000
"wkpool_verbs","find_arcs_quotient",0.00124844949459657,0.00118846504483372,0.648719787597656,10,7000
"wkpool_verbs","find_shared_edges",0.00620944087859243,0.00594764191191643,2.08232879638672,10,7000
"wkpool_verbs","find_internal_boundaries",0.00114516459871083,0.00108188111335039,0.320083618164062,10,7000
"wkpool_verbs","topology_report",0.00149257859447971,0.00127133901696652,0.689956665039062,10,7000
"wkpool_verbs","find_cycles",0.00804392097052187,0.00770720792934299,0.346549987792969,10,7000
"wkpool_verbs","classify_cycles",0.0147079256130382,0.014487020089291,0.847030639648438,10,7000
"wkpool_verbs","find_neighbours_edge",0.0024029640480876,0.00229426007717848,2.21654510498047,10,7000
"wkpool_verbs","find_neighbours_vertex",0.00345773599110544,0.00331735296640545,3.06745147705078,10,7000
"wkpool_verbs","hole_points",0.00989740050863475,0.00957552203908563,0.709388732910156,10,7000
"pipelines","silicate_PATH0",0.138850667979568,0.135887957992963,3.84963226318359,3,14000
"pipelines","silicate_SC0",0.353059659362771,0.303971674875356,5.76280975341797,2,14000
"pipelines","silicate_SC",1.64544892997947,1.64544892997947,45.6148452758789,1,14000
"pipelines","silicate_ARC",4.45462474005762,4.45462474005762,169.073593139648,1,14000
"pipelines","wkpool_vertices",0.00771044311113656,0.00767980900127441,5.16015625,3,14000
"pipelines","wkpool_edges",0.00827565905638039,0.00826926215086132,5.871337890625,3,14000
"pipelines","wkpool_arcs",0.0100173359969631,0.0098070161184296,6.45138549804688,3,14000
"wkpool_verbs","merge_coincident",0.00798007193952799,0.00642510293982923,5.16015625,10,14000
"wkpool_verbs","pool_compact",0.00118946807924658,0.00112696608994156,6.52482604980469,10,14000
"wkpool_verbs","vertex_degree",0.000604945933446288,0.000558332889340818,0.818580627441406,10,14000
"wkpool_verbs","find_nodes",0.00130137294763699,0.00121679692529142,0.927017211914062,10,14000
"wkpool_verbs","find_arcs",0.00290704250801355,0.00242573500145227,0.971466064453125,10,14000
"wkpool_verbs","find_arcs_quotient",0.00227240606909618,0.002091309055686,1.29122924804688,10,14000
"wkpool_verbs","find_shared_edges",0.0144233540631831,0.0137035551015288,4.18299102783203,10,14000
"wkpool_verbs","find_internal_boundaries",0.00144667900167406,0.00137661106418818,0.642745971679688,10,14000
"wkpool_verbs","topology_report",0.0018582025077194,0.00172637996729463,1.37535095214844,10,14000
"wkpool_verbs","find_cycles",0.0157146984711289,0.0153294540941715,0.691703796386719,10,14000
"wkpool_verbs","classify_cycles",0.0282323830178939,0.027181608020328,1.68937683105469,10,14000
"wkpool_verbs","find_neighbours_edge",0.00425817212089896,0.00411700911354274,4.45639801025391,10,14000
"wkpool_verbs","find_neighbours_vertex",0.00745418656151742,0.00728954910300672,6.16630554199219,10,14000
"wkpool_verbs","hole_points",0.0196139634936117,0.0189221649197862,1.41440582275391,10,14000
"pipelines","silicate_PATH0",0.344453364494257,0.306740725995041,7.65110778808594,2,28000
"pipelines","silicate_SC0",0.724134310032241,0.724134310032241,11.4528350830078,1,28000
"pipelines","silicate_SC",5.36164522299077,5.36164522299077,152.014907836914,1,28000
"pipelines","silicate_ARC",11.5012546080397,11.5012546080397,584.123916625977,1,28000
"pipelines","wkpool_vertices",0.0127360590267926,0.0125266569666564,10.335205078125,3,28000
"pipelines","wkpool_edges",0.0139223809819669,0.0138659620424733,11.7553100585938,3,28000
"pipelines","wkpool_arcs",0.0183400349924341,0.0183024939615279,12.9095230102539,3,28000
"wkpool_verbs","merge_coincident",0.0132677665678784,0.0123949180124328,10.335205078125,10,28000
"wkpool_verbs","pool_compact",0.00246170710306615,0.00235173897817731,13.0530776977539,10,28000
"wkpool_verbs","vertex_degree",0.00139796955045313,0.00133735802955925,1.63546752929688,10,28000
"wkpool_verbs","find_nodes",0.00391659414162859,0.00344739807769656,1.85128784179688,10,28000
"wkpool_verbs","find_arcs",0.0115114260697737,0.00989251409191638,1.94183349609375,10,28000
"wkpool_verbs","find_arcs_quotient",0.00743833754677325,0.00668472703546286,2.57431793212891,10,28000
"wkpool_verbs","find_shared_edges",0.0393250540364534,0.0358939380384982,8.39324188232422,10,28000
"wkpool_verbs","find_internal_boundaries",0.00214718811912462,0.00206117308698595,1.28996276855469,10,28000
"wkpool_verbs","topology_report",0.0035914535401389,0.0028544421074912,2.74446105957031,10,28000
"wkpool_verbs","find_cycles",0.0439542176318355,0.0373094670940191,1.38201141357422,10,28000
"wkpool_verbs","classify_cycles",0.0868111239979044,0.0650424649938941,3.37406921386719,5,28000
"wkpool_verbs","find_neighbours_edge",0.00835110555635765,0.00819784007035196,8.94707489013672,10,28000
"wkpool_verbs","find_neighbours_vertex",0.0187681005918421,0.0182632249779999,12.3785171508789,10,28000
"wkpool_verbs","hole_points",0.0552853225381114,0.0484056189889088,2.82444000244141,8,28000
"pipelines","silicate_PATH0",1.08712073299102,1.08712073299102,15.1238174438477,1,56000
"pipelines","silicate_SC0",2.27957651310135,2.27957651310135,22.7026443481445,1,56000
"pipelines","silicate_SC",30.3379341730615,30.3379341730615,547.622993469238,1,56000
"pipelines","silicate_ARC",23.9488115159329,23.9488115159329,2158.15789794922,1,56000
"pipelines","wkpool_vertices",0.0285869350191206,0.0284990050131455,20.5584564208984,3,56000
"pipelines","wkpool_edges",0.0309463610174134,0.0300590390106663,23.3957061767578,3,56000
"pipelines","wkpool_arcs",0.0357247618958354,0.0357155660167336,25.446044921875,3,56000
"wkpool_verbs","merge_coincident",0.0256380561040714,0.0248527590883896,20.5584564208984,10,56000
"wkpool_verbs","pool_compact",0.00627575203543529,0.00607241305988282,25.4792785644531,10,56000
"wkpool_verbs","vertex_degree",0.00379025359870866,0.00371660606469959,3.14376068115234,10,56000
"wkpool_verbs","find_nodes",0.00674011808587238,0.006637875107117,3.57401275634766,10,56000
"wkpool_verbs","find_arcs",0.010666607064195,0.0104372660862282,3.63242340087891,10,56000
"wkpool_verbs","find_arcs_quotient",0.00902144645806402,0.00887880602385849,4.88758850097656,10,56000
"wkpool_verbs","find_shared_edges",0.0779035619925708,0.0728341019712389,16.8262176513672,6,56000
"wkpool_verbs","find_internal_boundaries",0.00411099509801716,0.00401393207721412,2.58708190917969,10,56000
"wkpool_verbs","topology_report",0.00608242506859824,0.00583521905355155,5.23027038574219,10,56000
"wkpool_verbs","find_cycles",0.0794931525597349,0.0740791230928153,2.76262664794922,6,56000
"wkpool_verbs","classify_cycles",0.139137317892164,0.128298448864371,6.74345397949219,3,56000
"wkpool_verbs","find_neighbours_edge",0.0202972100814804,0.0197056289762259,17.9436569213867,10,56000
"wkpool_verbs","find_neighbours_vertex",0.039958446926903,0.0392362789716572,24.6987838745117,10,56000
"wkpool_verbs","hole_points",0.12446342757903,0.0947525260271505,5.64450836181641,4,56000
