"task","expression","median_s","min_s","mem_alloc_mb","n_itr","input","n_coords"
"coords","silicate_sc_coord",0.0014610510552302,0.00128997908905149,0.302413940429688,10,"nc",2529
"coords","wk_coords",0.000167667050845921,0.000146018108353019,0.259994506835938,10,"nc",2529
"decompose","wkpool_establish",0.00162956205895171,0.00154210603795946,0.907554626464844,10,"nc",2529
"vertices","silicate_PATH0",0.0288413244998083,0.021037693019025,0.956893920898438,10,"nc",2529
"vertices","silicate_PATH",0.0301005730289035,0.028188543044962,1.22995758056641,10,"nc",2529
"vertices","wkpool",0.00304606900317594,0.0022800910519436,1.37669372558594,10,"nc",2529
"edges","silicate_SC0",0.0553138779941946,0.0488111730664968,1.28134155273438,9,"nc",2529
"edges","silicate_SC",0.0843938760226592,0.0743581830756739,3.17366790771484,7,"nc",2529
"edges","wkpool",0.00289498805068433,0.00257566198706627,1.54732513427734,10,"nc",2529
"arcs","silicate_ARC",0.324277884094045,0.309954942087643,8.27288055419922,3,"nc",2529
"arcs","wkpool",0.00640900793951005,0.00580134091433138,1.69725036621094,3,"nc",2529
"wkpool_verbs","merge_coincident",0.00429705600254238,0.00417464505881071,1.37669372558594,5,"nc",2529
"wkpool_verbs","pool_compact",0.000542873051017523,0.000479868962429464,1.80490112304688,5,"nc",2529
"wkpool_verbs","vertex_degree",0.000181567971594632,0.000163443968631327,0.197433471679688,5,"nc",2529
"wkpool_verbs","find_nodes",0.000275110127404332,0.000233844155445695,0.214736938476562,5,"nc",2529
"wkpool_verbs","find_arcs",0.000800338108092546,0.000767632038332522,0.217941284179688,5,"nc",2529
"wkpool_verbs","find_arcs_quotient",0.00113452901132405,0.000926338019780815,0.2894287109375,5,"nc",2529
"wkpool_verbs","find_shared_edges",0.0113237660843879,0.00831961701624095,0.861640930175781,5,"nc",2529
"wkpool_verbs","find_internal_boundaries",0.00223333085887134,0.00212582794483751,0.380714416503906,5,"nc",2529
"wkpool_verbs","topology_report",0.00651076307985932,0.00585970492102206,0.432785034179688,5,"nc",2529
"wkpool_verbs","find_cycles",0.00195350893773139,0.00192831095773727,2.14647674560547,5,"nc",2529
"wkpool_verbs","classify_cycles",0.00654825114179403,0.00517977809067816,4.637939453125,5,"nc",2529
"wkpool_verbs","find_neighbours_edge",0.166571579989977,0.164026189013384,19.3657455444336,3,"nc",2529
"wkpool_verbs","find_neighbours_vertex",0.139783064019866,0.130289170076139,1.60916137695312,4,"nc",2529
"coords","silicate_sc_coord",0.00715672242222354,0.0068162209354341,4.08308410644531,10,"inlandwaters",33644
"coords","wk_coords",0.00230202852981165,0.00213849206920713,4.37615203857422,10,"inlandwaters",33644
"decompose","wkpool_establish",0.0190196960465983,0.0117383360629901,13.1970825195312,10,"inlandwaters",33644
"vertices","silicate_PATH0",0.0488450639531948,0.0335929199354723,13.824462890625,10,"inlandwaters",33644
"vertices","silicate_PATH",0.246580927981995,0.245236405055039,15.5615997314453,3,"inlandwaters",33644
"vertices","wkpool",0.0445547190029174,0.0254596429876983,20.5624237060547,10,"inlandwaters",33644
"edges","silicate_SC0",0.0712182390270755,0.0670144079485908,19.5612411499023,7,"inlandwaters",33644
"edges","silicate_SC",0.471929551917128,0.418216516962275,40.3090896606445,3,"inlandwaters",33644
"edges","wkpool",0.0394822025555186,0.0259633309906349,23.0577163696289,10,"inlandwaters",33644
"arcs","silicate_ARC",1.35725234693382,1.25059582886752,89.41162109375,3,"inlandwaters",33644
"arcs","wkpool",0.0592371159000322,0.0344016930321231,25.7018814086914,3,"inlandwaters",33644
"wkpool_verbs","merge_coincident",0.0433240309357643,0.0245226989500225,20.5624237060547,5,"inlandwaters",33644
"wkpool_verbs","pool_compact",0.014519848045893,0.0144249100703746,27.9435119628906,5,"inlandwaters",33644
"wkpool_verbs","vertex_degree",0.00566338398493826,0.00499430205672979,2.87955474853516,5,"inlandwaters",33644
"wkpool_verbs","find_nodes",0.00863890710752457,0.00619724707212299,3.16505432128906,5,"inlandwaters",33644
"wkpool_verbs","find_arcs",0.0146431300090626,0.00875791104044765,3.27635192871094,5,"inlandwaters",33644
"wkpool_verbs","find_arcs_quotient",0.0102534100878984,0.0101495920680463,5.13945770263672,5,"inlandwaters",33644
"wkpool_verbs","find_shared_edges",0.258317592029925,0.252031948999502,11.0062866210938,2,"inlandwaters",33644
"wkpool_verbs","find_internal_boundaries",0.0642689410597086,0.0604094110894948,3.78700256347656,5,"inlandwaters",33644
"wkpool_verbs","topology_report",0.180895796045661,0.154558922164142,7.49431610107422,3,"inlandwaters",33644
"wkpool_verbs","find_cycles",0.0379978419514373,0.0365552149014547,50.4843139648438,5,"inlandwaters",33644
"wkpool_verbs","classify_cycles",0.300789223518223,0.281336110085249,123.814750671387,2,"inlandwaters",33644
"wkpool_verbs","find_neighbours_edge",0.782161138020456,0.782161138020456,117.693702697754,1,"inlandwaters",33644
"wkpool_verbs","find_neighbours_vertex",0.575331974076107,0.575331974076107,9.64165496826172,1,"inlandwaters",33644
"coords","silicate_sc_coord",0.00891929102363065,0.00764454004820436,0.560287475585938,10,"hex_1e3",7000
"coords","wk_coords",0.00106038257945329,0.000808661920018494,0.598548889160156,10,"hex_1e3",7000
"decompose","wkpool_establish",0.00343030306976289,0.00290495809167624,2.32273864746094,10,"hex_1e3",7000
"vertices","silicate_PATH0",0.127036786987446,0.101832913933322,1.94710540771484,5,"hex_1e3",7000
"vertices","silicate_PATH",0.126106005569454,0.0835391380824149,2.75566101074219,4,"hex_1e3",7000
"vertices","wkpool",0.00622014160035178,0.00495097413659096,3.38921356201172,10,"hex_1e3",7000
"edges","silicate_SC0",0.257266449043527,0.217015016125515,2.91616058349609,3,"hex_1e3",7000
"edges","silicate_SC",0.815411616931669,0.753445602953434,15.2183074951172,3,"hex_1e3",7000
"edges","wkpool",0.00467759009916335,0.00433847203385085,3.74571990966797,10,"hex_1e3",7000
"arcs","silicate_ARC",2.5933474060148,2.46257374703418,53.927734375,3,"hex_1e3",7000
"arcs","wkpool",0.00679090607445687,0.00654335704166442,4.03793334960938,3,"hex_1e3",7000
"wkpool_verbs","merge_coincident",0.00532940402626991,0.00492140708956867,3.38921356201172,5,"hex_1e3",7000
"wkpool_verbs","pool_compact",0.000846832990646362,0.00071272102650255,4.29251098632812,5,"hex_1e3",7000
"wkpool_verbs","vertex_degree",0.000333074131049216,0.000284369103610516,0.409942626953125,5,"hex_1e3",7000
"wkpool_verbs","find_nodes",0.000742720905691385,0.000620533945038915,0.464569091796875,5,"hex_1e3",7000
"wkpool_verbs","find_arcs",0.00283015205059201,0.00225510203745216,0.4862060546875,5,"hex_1e3",7000
"wkpool_verbs","find_arcs_quotient",0.00212221499532461,0.00153298198711127,0.648719787597656,5,"hex_1e3",7000
"wkpool_verbs","find_shared_edges",0.0209079090273008,0.0191340569872409,1.93130493164062,5,"hex_1e3",7000
"wkpool_verbs","find_internal_boundaries",0.00846879498567432,0.00725472287740558,0.874412536621094,5,"hex_1e3",7000
"wkpool_verbs","topology_report",0.0147113939747214,0.0135771170025691,0.922195434570312,5,"hex_1e3",7000
"wkpool_verbs","find_cycles",0.0500873291166499,0.0335204071598127,48.0796508789062,5,"hex_1e3",7000
"wkpool_verbs","classify_cycles",0.111342099029571,0.0911583990091458,87.913200378418,5,"hex_1e3",7000
"wkpool_verbs","find_neighbours_edge",0.717282894067466,0.717282894067466,130.813346862793,1,"hex_1e3",7000
"wkpool_verbs","find_neighbours_vertex",0.39809256902663,0.392640630016103,5.17893218994141,2,"hex_1e3",7000
"coords","silicate_sc_coord",0.139132368029095,0.131769872154109,6.34916687011719,3,"hex_1e4",70000
"coords","wk_coords",0.0149630125961266,0.0131787890568376,8.85059356689453,10,"hex_1e4",70000
"decompose","wkpool_establish",0.0475364745943807,0.0361153890844434,27.1397552490234,10,"hex_1e4",70000
"vertices","silicate_PATH0",0.906108119059354,0.906108119059354,21.0933990478516,1,"hex_1e4",70000
"vertices","silicate_PATH",0.947310447110794,0.947310447110794,29.542121887207,1,"hex_1e4",70000
"vertices","wkpool",0.0629714740207419,0.0629714740207419,39.0937728881836,1,"hex_1e4",70000
"edges","silicate_SC0",2.07146787503734,2.07146787503734,31.0609283447266,1,"hex_1e4",70000
"edges","silicate_SC",49.3006456400035,49.3006456400035,840.688339233398,1,"hex_1e4",70000
"edges","wkpool",0.0671329410979524,0.0671329410979524,42.3894271850586,1,"hex_1e4",70000
"arcs","silicate_ARC",33.6092817549361,33.6092817549361,4254.04593658447,1,"hex_1e4",70000
"arcs","wkpool",0.0860663008643314,0.0860663008643314,45.0122833251953,1,"hex_1e4",70000
"wkpool_verbs","merge_coincident",0.0960101350210607,0.0635357130086049,39.0937728881836,5,"hex_1e4",70000
"wkpool_verbs","pool_compact",0.0120938699692488,0.0117957841139287,47.4414825439453,5,"hex_1e4",70000
"wkpool_verbs","vertex_degree",0.00568071799352765,0.00563189608510584,3.77278137207031,5,"hex_1e4",70000
"wkpool_verbs","find_nodes",0.0124738140730187,0.0122302860254422,4.31016540527344,5,"hex_1e4",70000
"wkpool_verbs","find_arcs",0.0156585070071742,0.0145684210583568,4.47767639160156,5,"hex_1e4",70000
"wkpool_verbs","find_arcs_quotient",0.0162976810242981,0.0139809570973739,5.91851043701172,5,"hex_1e4",70000
"wkpool_verbs","find_shared_edges",0.303407050087117,0.271601985092275,18.6445159912109,2,"hex_1e4",70000
"wkpool_verbs","find_internal_boundaries",0.0983185159275308,0.0956871929811314,8.60268402099609,5,"hex_1e4",70000
"wkpool_verbs","topology_report",0.235190029023215,0.230093449004926,8.3779296875,3,"hex_1e4",70000
"wkpool_verbs","find_cycles",2.55429106694646,2.55429106694646,4772.28540039062,1,"hex_1e4",70000
"wkpool_verbs","classify_cycles",9.48594453604892,9.48594453604892,8055.59597015381,1,"hex_1e4",70000
"wkpool_verbs","find_neighbours_edge",19.7633156030206,19.7633156030206,13415.4389724731,1,"hex_1e4",70000
"wkpool_verbs","find_neighbours_vertex",3.34578664996661,3.34578664996661,51.4666519165039,1,"hex_1e4",70000
"coords","silicate_sc_coord",0.0111863480415195,0.0106483430135995,7.62327575683594,10,"dense_hex_1e3",73000
"coords","wk_coords",0.00325003155739978,0.00284323003143072,8.93070220947266,10,"dense_hex_1e3",73000
"decompose","wkpool_establish",0.0307274934602901,0.0270871459506452,27.7487030029297,10,"dense_hex_1e3",73000
"vertices","silicate_PATH0",0.17748325294815,0.17748325294815,25.570068359375,1,"dense_hex_1e3",73000
"vertices","silicate_PATH",0.56171478307806,0.56171478307806,29.5891494750977,1,"dense_hex_1e3",73000
"vertices","wkpool",0.0650741079589352,0.0650741079589352,41.8994369506836,1,"dense_hex_1e3",73000
"edges","silicate_SC0",0.398014967096969,0.398014967096969,38.1702880859375,1,"dense_hex_1e3",73000
"edges","silicate_SC",1.5682649530936,1.5682649530936,104.164459228516,1,"dense_hex_1e3",73000
"edges","wkpool",0.0687049641273916,0.0687049641273916,46.7002487182617,1,"dense_hex_1e3",73000
"arcs","silicate_ARC",5.25926051207352,5.25926051207352,227.207679748535,1,"dense_hex_1e3",73000
"arcs","wkpool",0.14231960196048,0.14231960196048,50.6826934814453,1,"dense_hex_1e3",73000
"wkpool_verbs","merge_coincident",0.10251619911287,0.0647867610678077,41.8994369506836,5,"dense_hex_1e3",73000
"wkpool_verbs","pool_compact",0.0252911091083661,0.0248857530532405,54.9016952514648,5,"dense_hex_1e3",73000
"wkpool_verbs","vertex_degree",0.00981332408264279,0.00962332903873175,5.67983245849609,5,"dense_hex_1e3",73000
"wkpool_verbs","find_nodes",0.0224843519972637,0.0224030700046569,6.58486938476562,5,"dense_hex_1e3",73000
"wkpool_verbs","find_arcs",0.0294344311114401,0.0268276480492204,6.69501495361328,5,"dense_hex_1e3",73000
"wkpool_verbs","find_arcs_quotient",0.0291683530667797,0.0200038331095129,8.78325653076172,5,"dense_hex_1e3",73000
"wkpool_verbs","find_shared_edges",0.504758739029057,0.504758739029057,23.6572647094727,1,"dense_hex_1e3",73000
"wkpool_verbs","find_internal_boundaries",0.169499177951366,0.142778822104447,10.7170028686523,3,"dense_hex_1e3",73000
"wkpool_verbs","topology_report",0.324421185592655,0.299752008053474,13.2271194458008,2,"dense_hex_1e3",73000
"wkpool_verbs","find_cycles",0.650833099032752,0.650833099032752,556.66943359375,1,"dense_hex_1e3",73000
"wkpool_verbs","classify_cycles",2.17151456896681,2.17151456896681,1210.72264862061,1,"dense_hex_1e3",73000
"wkpool_verbs","find_neighbours_edge",23.2536444350844,23.2536444350844,16163.2448501587,1,"dense_hex_1e3",73000
"wkpool_verbs","find_neighbours_vertex",5.60248925199267,5.60248925199267,47.746452331543,1,"dense_hex_1e3",73000
"coords","silicate_sc_coord",0.00255829060915858,0.00110620900522918,3.05270385742188,10,"lines_100x1000",100000
"coords","wk_coords",0.00386316055664793,0.00339760503266007,9.65167999267578,10,"lines_100x1000",100000
"decompose","wkpool_establish",0.0665585179813206,0.0483177109854296,33.8805084228516,8,"lines_100x1000",100000
"vertices","silicate_PATH0",0.0548635560553521,0.0548635560553521,23.1723785400391,1,"lines_100x1000",100000
"vertices","silicate_PATH",0.693249567993917,0.693249567993917,30.0013198852539,1,"lines_100x1000",100000
"vertices","wkpool",0.102872470975854,0.102872470975854,49.4520797729492,1,"lines_100x1000",100000
"edges","silicate_SC0",0.242497463943437,0.242497463943437,37.5524826049805,1,"lines_100x1000",100000
"edges","silicate_SC",0.688928521936759,0.688928521936759,105.183639526367,1,"lines_100x1000",100000
"edges","wkpool",0.165156815084629,0.165156815084629,56.9757308959961,1,"lines_100x1000",100000
"arcs","silicate_ARC",17.7480891329469,17.7480891329469,328.87321472168,1,"lines_100x1000",100000
"arcs","wkpool",0.132234473945573,0.132234473945573,60.2573394775391,1,"lines_100x1000",100000
"wkpool_verbs","merge_coincident",0.161211504077073,0.0968599920161068,49.4520797729492,4,"lines_100x1000",100000
"wkpool_verbs","pool_compact",0.0242393130902201,0.0234520781086758,61.8998641967773,5,"lines_100x1000",100000
"wkpool_verbs","vertex_degree",0.0140531550860032,0.0136374020949006,6.59720611572266,5,"lines_100x1000",100000
"wkpool_verbs","find_nodes",0.0195739869959652,0.019359348108992,7.20420837402344,5,"lines_100x1000",100000
"wkpool_verbs","find_arcs",0.0299559191334993,0.0293945340672508,7.55226135253906,5,"lines_100x1000",100000
"wkpool_verbs","find_arcs_quotient",0.0355636781314388,0.0350779939908534,10.8052597045898,5,"lines_100x1000",100000
"wkpool_verbs","find_shared_edges",0.518143818946555,0.518143818946555,26.5247192382812,1,"lines_100x1000",100000
"wkpool_verbs","find_internal_boundaries",0.171525109093636,0.160816140123643,11.6312637329102,3,"lines_100x1000",100000
"wkpool_verbs","topology_report",0.396734287496656,0.356915874057449,13.961296081543,2,"lines_100x1000",100000
"wkpool_verbs","find_cycles",0.0714268430601805,0.0682669641682878,82.6239776611328,5,"lines_100x1000",100000
"wkpool_verbs","classify_cycles",0.0714140830095857,0.0692975680576637,82.6603317260742,5,"lines_100x1000",100000
"wkpool_verbs","find_neighbours_edge",4.76501832099166,4.76501832099166,1804.19127655029,1,"lines_100x1000",100000
"wkpool_verbs","find_neighbours_vertex",1.94929216103628,1.94929216103628,27.3955307006836,1,"lines_100x1000",100000
"coords","silicate_sc_coord",1.14705330901779,0.886376046109945,59.4879608154297,3,"hex_1e5",700000
"coords","wk_coords",0.319536062888801,0.210530134965666,74.7219009399414,3,"hex_1e5",700000
"decompose","wkpool_establish",0.605371870100498,0.542380755068734,254.067031860352,3,"hex_1e5",700000
"vertices","silicate_PATH0",11.0550173160154,11.0550173160154,198.75016784668,1,"hex_1e5",700000
"vertices","silicate_PATH",9.92031275108457,9.92031275108457,286.468391418457,1,"hex_1e5",700000
"vertices","wkpool",1.48951313807629,1.48951313807629,363.700859069824,1,"hex_1e5",700000
"edges","silicate_SC0",21.1669755990151,21.1669755990151,306.60009765625,1,"hex_1e5",700000
"edges","wkpool",1.05992012098432,1.05992012098432,402.609245300293,1,"hex_1e5",700000
"arcs","wkpool",2.03339976607822,2.03339976607822,430.695098876953,1,"hex_1e5",700000
"wkpool_verbs","merge_coincident",0.974653247976676,0.974653247976676,363.700859069824,1,"hex_1e5",700000
"wkpool_verbs","pool_compact",0.393576289061457,0.387139645055868,449.655517578125,2,"hex_1e5",700000
"wkpool_verbs","vertex_degree",0.176770969526842,0.133024026989006,43.1921081542969,4,"hex_1e5",700000
"wkpool_verbs","find_nodes",0.193938165088184,0.17257816309575,48.5426940917969,3,"hex_1e5",700000
"wkpool_verbs","find_arcs",0.281376393104438,0.22977622912731,49.7601928710938,2,"hex_1e5",700000
"wkpool_verbs","find_arcs_quotient",0.195170641993172,0.190907957963645,66.9942398071289,3,"hex_1e5",700000
"wkpool_verbs","find_shared_edges",3.23070315003861,3.23070315003861,201.380065917969,1,"hex_1e5",700000
"wkpool_verbs","find_internal_boundaries",1.35599377111066,1.35599377111066,88.0253829956055,1,"hex_1e5",700000
"wkpool_verbs","topology_report",2.43630726495758,2.43630726495758,93.5199737548828,1,"hex_1e5",700000
"coords","silicate_sc_coord",0.149152723024599,0.108172142878175,72.2290496826172,3,"dense_hex_1e4",730000
"coords","wk_coords",0.110332588490564,0.0275255349697545,75.5229873657227,6,"dense_hex_1e4",730000
"decompose","wkpool_establish",0.342999076121487,0.258389078080654,255.750259399414,3,"dense_hex_1e4",730000
"vertices","silicate_PATH0",1.40974034706596,1.40974034706596,244.286605834961,1,"dense_hex_1e4",730000
"vertices","silicate_PATH",6.64121263206471,6.64121263206471,278.425407409668,1,"dense_hex_1e4",730000
"vertices","wkpool",1.38437442900613,1.38437442900613,385.396842956543,1,"dense_hex_1e4",730000
"edges","silicate_SC0",2.02280723198783,2.02280723198783,359.662521362305,1,"dense_hex_1e4",730000
"edges","wkpool",0.740000915946439,0.740000915946439,429.035118103027,1,"dense_hex_1e4",730000
"arcs","wkpool",0.703133860020898,0.703133860020898,463.594924926758,1,"dense_hex_1e4",730000
"wkpool_verbs","merge_coincident",1.12303219689056,1.12303219689056,385.396842956543,1,"dense_hex_1e4",730000
"wkpool_verbs","pool_compact",0.181187594891526,0.1796244608704,503.75390625,3,"dense_hex_1e4",730000
"wkpool_verbs","vertex_degree",0.0703271829988807,0.0661178040318191,51.5747985839844,5,"dense_hex_1e4",730000
"wkpool_verbs","find_nodes",0.154679569881409,0.131048334995285,60.8256683349609,4,"dense_hex_1e4",730000
"wkpool_verbs","find_arcs",0.189240418141708,0.181126384064555,60.9565505981445,3,"dense_hex_1e4",730000
"wkpool_verbs","find_arcs_quotient",0.130119496549014,0.121314615011215,78.1980819702148,4,"dense_hex_1e4",730000
"wkpool_verbs","find_shared_edges",5.07068100909237,5.07068100909237,233.766593933105,1,"dense_hex_1e4",730000
"wkpool_verbs","find_internal_boundaries",1.98982185008936,1.98982185008936,105.593101501465,1,"dense_hex_1e4",730000
"wkpool_verbs","topology_report",2.86749639792833,2.86749639792833,118.411430358887,1,"dense_hex_1e4",730000
"coords","silicate_sc_coord",0.00934984558261931,0.00872715411242098,30.525390625,10,"lines_1000x1000",1000000
"coords","wk_coords",0.0954772624536417,0.033534770947881,82.7327651977539,6,"lines_1000x1000",1000000
"decompose","wkpool_establish",0.359037086134776,0.318892287090421,316.970657348633,3,"lines_1000x1000",1000000
"vertices","silicate_PATH0",0.458598329103552,0.458598329103552,191.848358154297,1,"lines_1000x1000",1000000
"vertices","silicate_PATH",6.98448577104136,6.98448577104136,263.057304382324,1,"lines_1000x1000",1000000
"vertices","wkpool",2.0877674811054,2.0877674811054,448.653099060059,1,"lines_1000x1000",1000000
"edges","silicate_SC0",0.814876805990934,0.814876805990934,323.993629455566,1,"lines_1000x1000",1000000
"edges","wkpool",0.985104769002646,0.985104769002646,514.250389099121,1,"lines_1000x1000",1000000
"arcs","wkpool",1.64147855085321,1.64147855085321,516.522644042969,1,"lines_1000x1000",1000000
"wkpool_verbs","merge_coincident",0.807371455128305,0.807371455128305,448.653099060059,1,"lines_1000x1000",1000000
"wkpool_verbs","pool_compact",0.410484668507706,0.384493791963905,537.929527282715,2,"lines_1000x1000",1000000
"wkpool_verbs","vertex_degree",0.257868208398577,0.250139631913044,55.7999038696289,2,"lines_1000x1000",1000000
"wkpool_verbs","find_nodes",0.299852162541356,0.28984008403495,57.3918533325195,2,"lines_1000x1000",1000000
"wkpool_verbs","find_arcs",0.519254958024248,0.519254958024248,63.8918685913086,1,"lines_1000x1000",1000000
"wkpool_verbs","find_arcs_quotient",0.324829414486885,0.312617679010145,67.8695449829102,2,"lines_1000x1000",1000000
"wkpool_verbs","find_shared_edges",4.0735168249812,4.0735168249812,237.331855773926,1,"lines_1000x1000",1000000
"wkpool_verbs","find_internal_boundaries",2.34690586198121,2.34690586198121,126.48902130127,1,"lines_1000x1000",1000000
"wkpool_verbs","topology_report",1.73626187804621,1.73626187804621,95.3629760742188,1,"lines_1000x1000",1000000
